runID,runType,Mapping,savepedestal,pedestal
1454,GetRootFile,/home/newdriver/Storage/Research/PRex_GEM/PRex_pedestal_generator/Mapping/prex_lhrs_focalplane.cfg,/home/newdriver/pyQuant/PRex_GEM/replayed/pedestal/pedestal_LHRS_1371.root,/home/newdriver/pyQuant/PRex_GEM/replayed/pedestal/pedestal_LHRS_1371.root
1455,GetRootFile,/home/newdriver/Storage/Research/PRex_GEM/PRex_pedestal_generator/Mapping/prex_lhrs_focalplane.cfg,/home/newdriver/pyQuant/PRex_GEM/replayed/pedestal/pedestal_LHRS_1371.root,/home/newdriver/pyQuant/PRex_GEM/replayed/pedestal/pedestal_LHRS_1371.root
1456,GetRootFile,/home/newdriver/Storage/Research/PRex_GEM/PRex_pedestal_generator/Mapping/prex_lhrs_focalplane.cfg,/home/newdriver/pyQuant/PRex_GEM/replayed/pedestal/pedestal_LHRS_1371.root,/home/newdriver/pyQuant/PRex_GEM/replayed/pedestal/pedestal_LHRS_1371.root
1457,GetRootFile,/home/newdriver/Storage/Research/PRex_GEM/PRex_pedestal_generator/Mapping/prex_lhrs_focalplane.cfg,/home/newdriver/pyQuant/PRex_GEM/replayed/pedestal/pedestal_LHRS_1371.root,/home/newdriver/pyQuant/PRex_GEM/replayed/pedestal/pedestal_LHRS_1371.root
1458,GetRootFile,/home/newdriver/Storage/Research/PRex_GEM/PRex_pedestal_generator/Mapping/prex_lhrs_focalplane.cfg,/home/newdriver/pyQuant/PRex_GEM/replayed/pedestal/pedestal_LHRS_1371.root,/home/newdriver/pyQuant/PRex_GEM/replayed/pedestal/pedestal_LHRS_1371.root
1459,GetRootFile,/home/newdriver/Storage/Research/PRex_GEM/PRex_pedestal_generator/Mapping/prex_lhrs_focalplane.cfg,/home/newdriver/pyQuant/PRex_GEM/replayed/pedestal/pedestal_LHRS_1371.root,/home/newdriver/pyQuant/PRex_GEM/replayed/pedestal/pedestal_LHRS_1371.root
1460,GetRootFile,/home/newdriver/Storage/Research/PRex_GEM/PRex_pedestal_generator/Mapping/prex_lhrs_focalplane.cfg,/home/newdriver/pyQuant/PRex_GEM/replayed/pedestal/pedestal_LHRS_1371.root,/home/newdriver/pyQuant/PRex_GEM/replayed/pedestal/pedestal_LHRS_1371.root
2139,GetRootFile,/home/newdriver/Storage/Research/PRex_GEM/PRex_pedestal_generator/Mapping/prex_lhrs_focalplane.cfg,/home/newdriver/Storage/Research/PRex_GEM/PRex_pedestal_generator/Pedestal/pedestal_LHRS_2056.root,/home/newdriver/Storage/Research/PRex_GEM/PRex_pedestal_generator/Pedestal/pedestal_LHRS_2056.root
2140,GetRootFile,/home/newdriver/Storage/Research/PRex_GEM/PRex_pedestal_generator/Mapping/prex_lhrs_focalplane.cfg,/home/newdriver/Storage/Research/PRex_GEM/PRex_pedestal_generator/Pedestal/pedestal_LHRS_2056.root,/home/newdriver/Storage/Research/PRex_GEM/PRex_pedestal_generator/Pedestal/pedestal_LHRS_2056.root
2141,GetRootFile,/home/newdriver/Storage/Research/PRex_GEM/PRex_pedestal_generator/Mapping/prex_lhrs_focalplane.cfg,/home/newdriver/Storage/Research/PRex_GEM/PRex_pedestal_generator/Pedestal/pedestal_LHRS_2056.root,/home/newdriver/Storage/Research/PRex_GEM/PRex_pedestal_generator/Pedestal/pedestal_LHRS_2056.root
2142,GetRootFile,/home/newdriver/Storage/Research/PRex_GEM/PRex_pedestal_generator/Mapping/prex_lhrs_focalplane.cfg,/home/newdriver/Storage/Research/PRex_GEM/PRex_pedestal_generator/Pedestal/pedestal_LHRS_2056.root,/home/newdriver/Storage/Research/PRex_GEM/PRex_pedestal_generator/Pedestal/pedestal_LHRS_2056.root
2143,GetRootFile,/home/newdriver/Storage/Research/PRex_GEM/PRex_pedestal_generator/Mapping/prex_lhrs_focalplane.cfg,/home/newdriver/Storage/Research/PRex_GEM/PRex_pedestal_generator/Pedestal/pedestal_LHRS_2056.root,/home/newdriver/Storage/Research/PRex_GEM/PRex_pedestal_generator/Pedestal/pedestal_LHRS_2056.root
2144,GetRootFile,/home/newdriver/Storage/Research/PRex_GEM/PRex_pedestal_generator/Mapping/prex_lhrs_focalplane.cfg,/home/newdriver/Storage/Research/PRex_GEM/PRex_pedestal_generator/Pedestal/pedestal_LHRS_2056.root,/home/newdriver/Storage/Research/PRex_GEM/PRex_pedestal_generator/Pedestal/pedestal_LHRS_2056.root
2145,GetRootFile,/home/newdriver/Storage/Research/PRex_GEM/PRex_pedestal_generator/Mapping/prex_lhrs_focalplane.cfg,/home/newdriver/Storage/Research/PRex_GEM/PRex_pedestal_generator/Pedestal/pedestal_LHRS_2056.root,/home/newdriver/Storage/Research/PRex_GEM/PRex_pedestal_generator/Pedestal/pedestal_LHRS_2056.root
2146,GetRootFile,/home/newdriver/Storage/Research/PRex_GEM/PRex_pedestal_generator/Mapping/prex_lhrs_focalplane.cfg,/home/newdriver/Storage/Research/PRex_GEM/PRex_pedestal_generator/Pedestal/pedestal_LHRS_2056.root,/home/newdriver/Storage/Research/PRex_GEM/PRex_pedestal_generator/Pedestal/pedestal_LHRS_2056.root
2147,GetRootFile,/home/newdriver/Storage/Research/PRex_GEM/PRex_pedestal_generator/Mapping/prex_lhrs_focalplane.cfg,/home/newdriver/Storage/Research/PRex_GEM/PRex_pedestal_generator/Pedestal/pedestal_LHRS_2056.root,/home/newdriver/Storage/Research/PRex_GEM/PRex_pedestal_generator/Pedestal/pedestal_LHRS_2056.root
2148,GetRootFile,/home/newdriver/Storage/Research/PRex_GEM/PRex_pedestal_generator/Mapping/prex_lhrs_focalplane.cfg,/home/newdriver/Storage/Research/PRex_GEM/PRex_pedestal_generator/Pedestal/pedestal_LHRS_2056.root,/home/newdriver/Storage/Research/PRex_GEM/PRex_pedestal_generator/Pedestal/pedestal_LHRS_2056.root
2149,GetRootFile,/home/newdriver/Storage/Research/PRex_GEM/PRex_pedestal_generator/Mapping/prex_lhrs_focalplane.cfg,/home/newdriver/Storage/Research/PRex_GEM/PRex_pedestal_generator/Pedestal/pedestal_LHRS_2056.root,/home/newdriver/Storage/Research/PRex_GEM/PRex_pedestal_generator/Pedestal/pedestal_LHRS_2056.root
2150,GetRootFile,/home/newdriver/Storage/Research/PRex_GEM/PRex_pedestal_generator/Mapping/prex_lhrs_focalplane.cfg,/home/newdriver/Storage/Research/PRex_GEM/PRex_pedestal_generator/Pedestal/pedestal_LHRS_2056.root,/home/newdriver/Storage/Research/PRex_GEM/PRex_pedestal_generator/Pedestal/pedestal_LHRS_2056.root
2151,GetRootFile,/home/newdriver/Storage/Research/PRex_GEM/PRex_pedestal_generator/Mapping/prex_lhrs_focalplane.cfg,/home/newdriver/Storage/Research/PRex_GEM/PRex_pedestal_generator/Pedestal/pedestal_LHRS_2056.root,/home/newdriver/Storage/Research/PRex_GEM/PRex_pedestal_generator/Pedestal/pedestal_LHRS_2056.root
2152,GetRootFile,/home/newdriver/Storage/Research/PRex_GEM/PRex_pedestal_generator/Mapping/prex_lhrs_focalplane.cfg,/home/newdriver/Storage/Research/PRex_GEM/PRex_pedestal_generator/Pedestal/pedestal_LHRS_2056.root,/home/newdriver/Storage/Research/PRex_GEM/PRex_pedestal_generator/Pedestal/pedestal_LHRS_2056.root
2153,GetRootFile,/home/newdriver/Storage/Research/PRex_GEM/PRex_pedestal_generator/Mapping/prex_lhrs_focalplane.cfg,/home/newdriver/Storage/Research/PRex_GEM/PRex_pedestal_generator/Pedestal/pedestal_LHRS_2056.root,/home/newdriver/Storage/Research/PRex_GEM/PRex_pedestal_generator/Pedestal/pedestal_LHRS_2056.root
2154,GetRootFile,/home/newdriver/Storage/Research/PRex_GEM/PRex_pedestal_generator/Mapping/prex_lhrs_focalplane.cfg,/home/newdriver/Storage/Research/PRex_GEM/PRex_pedestal_generator/Pedestal/pedestal_LHRS_2056.root,/home/newdriver/Storage/Research/PRex_GEM/PRex_pedestal_generator/Pedestal/pedestal_LHRS_2056.root
2155,GetRootFile,/home/newdriver/Storage/Research/PRex_GEM/PRex_pedestal_generator/Mapping/prex_lhrs_focalplane.cfg,/home/newdriver/Storage/Research/PRex_GEM/PRex_pedestal_generator/Pedestal/pedestal_LHRS_2056.root,/home/newdriver/Storage/Research/PRex_GEM/PRex_pedestal_generator/Pedestal/pedestal_LHRS_2056.root